{
  "Logistic Regression": {
    "accuracy": 1.0,
    "f1_score": 1.0,
    "log_loss": 0.03553181456949601
  },
  "Random Forest": {
    "accuracy": 1.0,
    "f1_score": 1.0,
    "log_loss": 0.05276909241299052
  },
  "XGBoost": {
    "accuracy": 1.0,
    "f1_score": 1.0,
    "log_loss": 0.012378624223481793
  }
}